,ARIMA,Prophet
mae,2.0885713558170567,2.0249236748281327
rmse,2.690949981090457,2.611902156177207
mape,69.66265621544348,70.7589273719003
